instance_id,strategy,difficulty,prompt_version,query,instance_json,open_constraint_evaluator,semantic_evaluator,valid,hard_score,semantic_score,total_score,violations,attempts,attempt_trace,failed_constraints,invalid_reason,error_type,error_message,evaluation_notes,generation_time_ms,constraint_eval_time_ms,semantic_eval_time_ms,total_time_ms,time_ms,message
inst_0001,unified,baja,constraint-first-prompts-v14,"Genera un mensaje de invitacion para cliente, con tono persuasivo, entre 35 y 60 palabras. Debe incluir ['actividad'] y evitar [].","{""instance_id"": ""inst_0001"", ""message_type"": ""invitacion"", ""recipient"": ""cliente"", ""tone"": ""persuasivo"", ""min_words"": 35, ""max_words"": 60, ""required_concepts"": [""actividad""], ""forbidden_terms"": [], ""required_structure"": [""saludo"", ""cuerpo"", ""cierre""], ""must_end_with_gratitude"": false, ""difficulty"": ""baja"", ""raw_request"": ""Genera un mensaje de invitacion para cliente, con tono persuasivo, entre 35 y 60 palabras. Debe incluir ['actividad'] y evitar [].""}",llm,heuristic,True,1.0,0.6268,0.8881,0,4,"[{""kind"": ""candidate"", ""attempt"": 1, ""valid"": false, ""violations"": 1, ""word_count"": 63, ""failed"": [""longitud: 63 palabras; esperado entre 35 y 60; faltante=rango 35-60""], ""text"": ""Estimado cliente, te invitamos a participar en nuestra próxima actividad, un taller de capacitación en marketing digital que se llevará a cabo el próximo mes en nuestra sede central. En este taller, podrás aprender sobre las últimas tendencias y herramientas para mejorar tus habilidades y aumentar la visibilidad de tu negocio en línea. Esperamos verte allí y aprovechar esta oportunidad para crecer juntos.""}, {""kind"": ""candidate"", ""attempt"": 2, ""valid"": false, ""violations"": 1, ""word_count"": 66, ""failed"": [""longitud: 66 palabras; esperado entre 35 y 60; faltante=rango 35-60""], ""text"": ""Estimado cliente, te invitamos a participar en nuestra próxima actividad, un taller de capacitación en marketing digital, donde podrás aprender sobre las últimas tendencias y herramientas para mejorar tus habilidades profesionales. Esta oportunidad te permitirá conectarte con otros profesionales y ampliar tus redes de contactos, lo que puede ser beneficioso para tu carrera y negocio. Esperamos verte allí y que aproveches al máximo esta experiencia formativa.""}, {""kind"": ""candidate"", ""attempt"": 3, ""valid"": false, ""violations"": 1, ""word_count"": 62, ""failed"": [""longitud: 62 palabras; esperado entre 35 y 60; faltante=rango 35-60""], ""text"": ""Estimado cliente, te invitamos a participar en nuestra próxima actividad, un taller de capacitación en marketing digital que se llevará a cabo el próximo mes en nuestra sede central. En este evento, podrás conocer a otros profesionales de la industria y aprender sobre las últimas tendencias y herramientas en marketing. Esperamos verte allí y que puedas aprovechar esta oportunidad para crecer profesionalmente.""}, {""kind"": ""repair_best"", ""attempt"": 4, ""valid"": true, ""violations"": 0, ""word_count"": 53, ""failed"": [], ""text"": ""Estimado cliente, te invitamos a participar en nuestra próxima actividad, un taller de capacitación en marketing digital en nuestra sede central. En este evento, podrás conocer a otros profesionales de la industria y aprender sobre las últimas tendencias y herramientas en marketing. Esperamos verte allí y que puedas crecer profesionalmente con esta oportunidad.""}]",[],válido,,,"[""evaluador_restricciones_abiertas=llm"", ""evaluador_semantico=heuristic"", ""tono persuasivo débil""]",69204.603,3182.597,0.329,72388.985,72388.985,"Estimado cliente, te invitamos a participar en nuestra próxima actividad, un taller de capacitación en marketing digital en nuestra sede central. En este evento, podrás conocer a otros profesionales de la industria y aprender sobre las últimas tendencias y herramientas en marketing. Esperamos verte allí y que puedas crecer profesionalmente con esta oportunidad."
inst_0002,unified,baja,constraint-first-prompts-v14,"Genera un mensaje de recordatorio para cliente, con tono formal, entre 25 y 55 palabras. Debe incluir ['fecha'] y evitar ['insulto'].","{""instance_id"": ""inst_0002"", ""message_type"": ""recordatorio"", ""recipient"": ""cliente"", ""tone"": ""formal"", ""min_words"": 25, ""max_words"": 55, ""required_concepts"": [""fecha""], ""forbidden_terms"": [""insulto""], ""required_structure"": [""saludo"", ""cuerpo"", ""cierre""], ""must_end_with_gratitude"": false, ""difficulty"": ""baja"", ""raw_request"": ""Genera un mensaje de recordatorio para cliente, con tono formal, entre 25 y 55 palabras. Debe incluir ['fecha'] y evitar ['insulto'].""}",llm,heuristic,True,1.0,0.754,0.9262,0,3,"[{""kind"": ""candidate"", ""attempt"": 1, ""valid"": true, ""violations"": 0, ""word_count"": 48, ""failed"": [], ""text"": ""Estimado cliente, le recordamos que el pago de la factura correspondiente a la fecha de vencimiento del pasado mes 15 debe realizarse antes del próximo día 10 para evitar intereses adicionales. Por favor, verifique su cuenta bancaria para realizar el pago correspondiente. Agradezco su atención a este asunto.""}, {""kind"": ""candidate"", ""attempt"": 2, ""valid"": true, ""violations"": 0, ""word_count"": 46, ""failed"": [], ""text"": ""Estimado cliente, le recordamos que el pago de la factura correspondiente a la fecha de vencimiento del mes pasado es obligatorio para evitar intereses adicionales. Por favor, realice el pago lo antes posible para mantener su cuenta en buen estado. Agradezco su atención a este asunto.""}, {""kind"": ""candidate"", ""attempt"": 3, ""valid"": true, ""violations"": 0, ""word_count"": 44, ""failed"": [], ""text"": ""Estimado cliente, le recordamos que la fecha límite para la entrega del proyecto es el próximo martes a las 10:00 horas. Por favor, asegúrese de que todos los componentes estén listos y prontos para la revisión. Agradecemos su colaboración y esperamos su respuesta.""}]",[],válido,,,"[""evaluador_restricciones_abiertas=llm"", ""evaluador_semantico=heuristic""]",8917.944,12332.329,0.974,21251.583,21251.583,"Estimado cliente, le recordamos que el pago de la factura correspondiente a la fecha de vencimiento del mes pasado es obligatorio para evitar intereses adicionales. Por favor, realice el pago lo antes posible para mantener su cuenta en buen estado. Agradezco su atención a este asunto."
inst_0003,unified,baja,constraint-first-prompts-v14,"Genera un mensaje de felicitacion para amigo, con tono formal, entre 35 y 70 palabras. Debe incluir ['reconocimiento', 'éxito'] y evitar []. Debe terminar con agradecimiento.","{""instance_id"": ""inst_0003"", ""message_type"": ""felicitacion"", ""recipient"": ""amigo"", ""tone"": ""formal"", ""min_words"": 35, ""max_words"": 70, ""required_concepts"": [""reconocimiento"", ""éxito""], ""forbidden_terms"": [], ""required_structure"": [""saludo"", ""cuerpo"", ""cierre""], ""must_end_with_gratitude"": true, ""difficulty"": ""baja"", ""raw_request"": ""Genera un mensaje de felicitacion para amigo, con tono formal, entre 35 y 70 palabras. Debe incluir ['reconocimiento', 'éxito'] y evitar []. Debe terminar con agradecimiento.""}",llm,heuristic,True,1.0,0.6788,0.9036,0,3,"[{""kind"": ""candidate"", ""attempt"": 1, ""valid"": true, ""violations"": 0, ""word_count"": 67, ""failed"": [], ""text"": ""Estimado amigo, me alegra expresar mi reconocimiento por tu logro del éxito en tu carrera profesional, que ha sido un proceso de gran dedicación y esfuerzo. Tu perseverancia y habilidades han sido fundamentales para alcanzar tus metas y superar obstáculos. Me gustaría felicitarte nuevamente por este logro destacado y desear que continúes avanzando en tu camino hacia el éxito. Agradezco la oportunidad de compartir mi felicitación contigo.""}, {""kind"": ""candidate"", ""attempt"": 2, ""valid"": false, ""violations"": 1, ""word_count"": 75, ""failed"": [""longitud: 75 palabras; esperado entre 35 y 70; faltante=rango 35-70""], ""text"": ""Estimado amigo, me alegra expresar mi reconocimiento por tu logro del éxito en tu carrera profesional, un hito que refleja tu dedicación y esfuerzo constante. Este logro no solo es un testimonio de tu capacidad, sino también de tu capacidad para liderar y motivar a tus colegas. Tu éxito es un ejemplo inspirador para todos aquellos que te conocen y valoran tu trabajo. Quiero expresarte mi más sincero agradecimiento por permitirme compartir mi felicitación contigo.""}, {""kind"": ""candidate"", ""attempt"": 3, ""valid"": false, ""violations"": 1, ""word_count"": 74, ""failed"": [""longitud: 74 palabras; esperado entre 35 y 70; faltante=rango 35-70""], ""text"": ""Estimado amigo, me alegra comunicarle mi más sincero reconocimiento por su destacado éxito en su carrera profesional, que ha sido un referente para muchos de nosotros. Su perseverancia y dedicación han sido fundamentales para alcanzar tan altos logros, y su influencia en la comunidad es innegable. Su éxito es un ejemplo inspirador para todos aquellos que buscan superarse y alcanzar sus metas. Agradezco su amistad y le deseo todo lo mejor en su futuro.""}]",[],válido,,,"[""evaluador_restricciones_abiertas=llm"", ""evaluador_semantico=heuristic"", ""intención de felicitacion poco explícita""]",9108.311,21472.008,0.448,30582.073,30582.073,"Estimado amigo, me alegra expresar mi reconocimiento por tu logro del éxito en tu carrera profesional, que ha sido un proceso de gran dedicación y esfuerzo. Tu perseverancia y habilidades han sido fundamentales para alcanzar tus metas y superar obstáculos. Me gustaría felicitarte nuevamente por este logro destacado y desear que continúes avanzando en tu camino hacia el éxito. Agradezco la oportunidad de compartir mi felicitación contigo."
inst_0004,unified,baja,constraint-first-prompts-v14,"Genera un mensaje de disculpa para coordinador, con tono empatico, entre 35 y 70 palabras. Debe incluir ['solución'] y evitar []. Debe terminar con agradecimiento.","{""instance_id"": ""inst_0004"", ""message_type"": ""disculpa"", ""recipient"": ""coordinador"", ""tone"": ""empatico"", ""min_words"": 35, ""max_words"": 70, ""required_concepts"": [""solución""], ""forbidden_terms"": [], ""required_structure"": [""saludo"", ""cuerpo"", ""cierre""], ""must_end_with_gratitude"": true, ""difficulty"": ""baja"", ""raw_request"": ""Genera un mensaje de disculpa para coordinador, con tono empatico, entre 35 y 70 palabras. Debe incluir ['solución'] y evitar []. Debe terminar con agradecimiento.""}",llm,heuristic,True,1.0,0.56,0.868,0,3,"[{""kind"": ""candidate"", ""attempt"": 1, ""valid"": true, ""violations"": 0, ""word_count"": 65, ""failed"": [], ""text"": ""Estimado coordinador, me dirijo a usted con la intención de encontrar una solución efectiva para el problema que hemos estado enfrentando. Después de analizar la situación, creo que podemos encontrar una solución que nos permita avanzar en el proyecto de manera más eficiente. Estoy dispuesto a trabajar en estrecha colaboración con usted para encontrar la solución adecuada. Agradezco su tiempo y consideración en este asunto.""}, {""kind"": ""candidate"", ""attempt"": 2, ""valid"": false, ""violations"": 1, ""word_count"": 85, ""failed"": [""longitud: 85 palabras; esperado entre 35 y 70; faltante=rango 35-70""], ""text"": ""Estimado coordinador, me dirijo a usted para expresar mi más sincero agradecimiento por su dedicación y esfuerzo en encontrar una solución a la situación actual. Su compromiso con la resolución de problemas ha sido fundamental para avanzar en este proyecto y estoy seguro de que su contribución será clave para encontrar una solución efectiva. Agradezco especialmente su disposición a escuchar y considerar diferentes perspectivas, lo que ha permitido una comunicación abierta y constructiva. En nombre de todo el equipo, le agradezco su apoyo y colaboración.""}, {""kind"": ""candidate"", ""attempt"": 3, ""valid"": true, ""violations"": 0, ""word_count"": 63, ""failed"": [], ""text"": ""Estimado coordinador, me dirijo a usted con la intención de encontrar una solución efectiva para el problema que hemos estado enfrentando. Después de analizar la situación, creo que podemos encontrar una solución que satisfaga las necesidades de todos los involucrados. Me gustaría discutir esta posibilidad con usted en una reunión para determinar los próximos pasos. Agradezco su tiempo y consideración en este asunto.""}]",[],válido,,,"[""evaluador_restricciones_abiertas=llm"", ""evaluador_semantico=heuristic"", ""tono empatico débil"", ""intención de disculpa poco explícita""]",21166.332,28679.385,0.836,49847.26,49847.26,"Estimado coordinador, me dirijo a usted con la intención de encontrar una solución efectiva para el problema que hemos estado enfrentando. Después de analizar la situación, creo que podemos encontrar una solución que satisfaga las necesidades de todos los involucrados. Me gustaría discutir esta posibilidad con usted en una reunión para determinar los próximos pasos. Agradezco su tiempo y consideración en este asunto."
inst_0005,unified,baja,constraint-first-prompts-v14,"Genera un mensaje de felicitacion para profesor, con tono formal, entre 35 y 60 palabras. Debe incluir ['éxito'] y evitar ['inútil'].","{""instance_id"": ""inst_0005"", ""message_type"": ""felicitacion"", ""recipient"": ""profesor"", ""tone"": ""formal"", ""min_words"": 35, ""max_words"": 60, ""required_concepts"": [""éxito""], ""forbidden_terms"": [""inútil""], ""required_structure"": [""saludo"", ""cuerpo"", ""cierre""], ""must_end_with_gratitude"": false, ""difficulty"": ""baja"", ""raw_request"": ""Genera un mensaje de felicitacion para profesor, con tono formal, entre 35 y 60 palabras. Debe incluir ['éxito'] y evitar ['inútil'].""}",llm,heuristic,True,1.0,0.6398,0.8919,0,3,"[{""kind"": ""candidate"", ""attempt"": 1, ""valid"": true, ""violations"": 0, ""word_count"": 58, ""failed"": [], ""text"": ""Estimado profesor, me alegra informarle que su dedicación y esfuerzo han sido fundamentales para el éxito de nuestro proyecto académico, logrando resultados destacados en la evaluación final. Su capacidad para motivar y guiar a los estudiantes ha sido un factor clave en el crecimiento y desarrollo de nuestra comunidad educativa. Agradezco su compromiso y colaboración en este proyecto.""}, {""kind"": ""candidate"", ""attempt"": 2, ""valid"": true, ""violations"": 0, ""word_count"": 57, ""failed"": [], ""text"": ""Estimado profesor, me complace felicitarlo por su logrado éxito en la implementación de innovadoras estrategias de enseñanza en la institución educativa. Su dedicación y compromiso con la calidad del aprendizaje han sido fundamentales para el crecimiento y desarrollo de nuestros estudiantes. Su contribución al campo de la educación es un ejemplo a seguir y un reconocimiento merecido.""}, {""kind"": ""candidate"", ""attempt"": 3, ""valid"": false, ""violations"": 1, ""word_count"": 72, ""failed"": [""longitud: 72 palabras; esperado entre 35 y 60; faltante=rango 35-60""], ""text"": ""Estimado profesor, me complace felicitarlo por el éxito obtenido en su carrera docente, un logro que refleja su dedicación y compromiso con la educación. Su capacidad para inspirar y guiar a sus estudiantes ha sido fundamental para su éxito, y su influencia en la comunidad académica es innegable. Agradezco la oportunidad de expresar mi reconocimiento por su trabajo y deseo que continúe siendo una figura destacada en el mundo de la educación.""}]",[],válido,,,"[""evaluador_restricciones_abiertas=llm"", ""evaluador_semantico=heuristic"", ""intención de felicitacion poco explícita""]",31308.158,39543.339,0.67,70852.757,70852.757,"Estimado profesor, me alegra informarle que su dedicación y esfuerzo han sido fundamentales para el éxito de nuestro proyecto académico, logrando resultados destacados en la evaluación final. Su capacidad para motivar y guiar a los estudiantes ha sido un factor clave en el crecimiento y desarrollo de nuestra comunidad educativa. Agradezco su compromiso y colaboración en este proyecto."
inst_0006,unified,media,constraint-first-prompts-v14,"Genera un mensaje de solicitud para cliente, con tono informal, entre 35 y 60 palabras. Debe incluir ['plazo', 'petición'] y evitar ['insulto', 'culpa'].","{""instance_id"": ""inst_0006"", ""message_type"": ""solicitud"", ""recipient"": ""cliente"", ""tone"": ""informal"", ""min_words"": 35, ""max_words"": 60, ""required_concepts"": [""plazo"", ""petición""], ""forbidden_terms"": [""insulto"", ""culpa""], ""required_structure"": [""saludo"", ""cuerpo"", ""cierre""], ""must_end_with_gratitude"": false, ""difficulty"": ""media"", ""raw_request"": ""Genera un mensaje de solicitud para cliente, con tono informal, entre 35 y 60 palabras. Debe incluir ['plazo', 'petición'] y evitar ['insulto', 'culpa'].""}",llm,heuristic,True,1.0,0.6598,0.8979,0,3,"[{""kind"": ""candidate"", ""attempt"": 1, ""valid"": true, ""violations"": 0, ""word_count"": 52, ""failed"": [], ""text"": ""Hola cliente, necesito su confirmación sobre la petición de entrega de la documentación antes del plazo establecido para poder proceder con la siguiente etapa del proceso. Esto permitirá que podamos trabajar de manera eficiente y evitar cualquier retraso en la entrega final. Por favor, me avise si hay algún problema o inquietud.""}, {""kind"": ""candidate"", ""attempt"": 2, ""valid"": true, ""violations"": 0, ""word_count"": 41, ""failed"": [], ""text"": ""Hola cliente, espero que se encuentre bien. Necesitamos su confirmación sobre la petición de entrega de los productos dentro del plazo establecido para asegurar su llegada a tiempo. Por favor, nos avise si hay algún problema con la fecha de entrega.""}, {""kind"": ""candidate"", ""attempt"": 3, ""valid"": true, ""violations"": 0, ""word_count"": 58, ""failed"": [], ""text"": ""Hola cliente, estamos trabajando en tu proyecto con el plazo establecido y necesitamos tu confirmación para proceder con la siguiente etapa de desarrollo. La petición de cambios que hiciste recientemente ha sido revisada y estamos listos para implementarlas. Por favor, revisa el plan de trabajo actualizado y no dudes en hacernos saber si tienes alguna pregunta o inquietud.""}]",[],válido,,,"[""evaluador_restricciones_abiertas=llm"", ""evaluador_semantico=heuristic"", ""intención de solicitud poco explícita""]",19945.268,16312.016,0.918,36258.644,36258.644,"Hola cliente, estamos trabajando en tu proyecto con el plazo establecido y necesitamos tu confirmación para proceder con la siguiente etapa de desarrollo. La petición de cambios que hiciste recientemente ha sido revisada y estamos listos para implementarlas. Por favor, revisa el plan de trabajo actualizado y no dudes en hacernos saber si tienes alguna pregunta o inquietud."
inst_0007,unified,media,constraint-first-prompts-v14,"Genera un mensaje de invitacion para cliente, con tono persuasivo, entre 40 y 55 palabras. Debe incluir ['actividad', 'confirmación'] y evitar ['inútil', 'culpa'].","{""instance_id"": ""inst_0007"", ""message_type"": ""invitacion"", ""recipient"": ""cliente"", ""tone"": ""persuasivo"", ""min_words"": 40, ""max_words"": 55, ""required_concepts"": [""actividad"", ""confirmación""], ""forbidden_terms"": [""inútil"", ""culpa""], ""required_structure"": [""saludo"", ""cuerpo"", ""cierre""], ""must_end_with_gratitude"": false, ""difficulty"": ""media"", ""raw_request"": ""Genera un mensaje de invitacion para cliente, con tono persuasivo, entre 40 y 55 palabras. Debe incluir ['actividad', 'confirmación'] y evitar ['inútil', 'culpa'].""}",llm,heuristic,True,1.0,0.5011,0.8503,0,3,"[{""kind"": ""candidate"", ""attempt"": 1, ""valid"": false, ""violations"": 1, ""word_count"": 55, ""failed"": [""conceptos_obligatorios: faltan: confirmación; faltante=confirmación; acción=inserta literalmente estas palabras exactas: 'confirmación'""], ""text"": ""Estimado cliente, te invitamos a confirmar tu asistencia a la actividad de lanzamiento de nuestro nuevo producto, que se llevará a cabo el próximo sábado en nuestra sede central. Esta será una oportunidad única para conocer nuestros últimos avances y conectarte con otros clientes interesados. Esperamos verte allí y agradecemos tu interés en nuestra empresa.""}, {""kind"": ""candidate"", ""attempt"": 2, ""valid"": false, ""violations"": 1, ""word_count"": 62, ""failed"": [""longitud: 62 palabras; esperado entre 40 y 55; faltante=rango 40-55""], ""text"": ""Estimado cliente, estamos a punto de iniciar una nueva actividad que podría mejorar significativamente su experiencia con nosotros, por lo que necesitamos su confirmación para proceder con los preparativos. Esta actividad incluirá varios beneficios y mejoras en nuestros servicios, lo que le permitirá aprovechar al máximo nuestra colaboración. Le agradecemos su atención a este asunto y esperamos su respuesta lo antes posible.""}, {""kind"": ""candidate"", ""attempt"": 3, ""valid"": true, ""violations"": 0, ""word_count"": 52, ""failed"": [], ""text"": ""Estimado cliente, le recordamos que la confirmación de su participación en la actividad es fundamental para que podamos avanzar con los preparativos. Su confirmación nos permitirá asegurar su lugar y garantizar que se beneficie al máximo de la experiencia. Agradecemos su atención a este asunto y esperamos su respuesta lo antes posible.""}]",[],válido,,,"[""evaluador_restricciones_abiertas=llm"", ""evaluador_semantico=heuristic"", ""tono persuasivo débil"", ""intención de invitacion poco explícita""]",6739.563,4648.75,0.535,11390.169,11390.169,"Estimado cliente, le recordamos que la confirmación de su participación en la actividad es fundamental para que podamos avanzar con los preparativos. Su confirmación nos permitirá asegurar su lugar y garantizar que se beneficie al máximo de la experiencia. Agradecemos su atención a este asunto y esperamos su respuesta lo antes posible."
inst_0008,unified,media,constraint-first-prompts-v14,"Genera un mensaje de disculpa para profesor, con tono empatico, entre 40 y 65 palabras. Debe incluir ['inconveniente', 'compromiso'] y evitar ['culpa', 'amenaza'].","{""instance_id"": ""inst_0008"", ""message_type"": ""disculpa"", ""recipient"": ""profesor"", ""tone"": ""empatico"", ""min_words"": 40, ""max_words"": 65, ""required_concepts"": [""inconveniente"", ""compromiso""], ""forbidden_terms"": [""culpa"", ""amenaza""], ""required_structure"": [""saludo"", ""cuerpo"", ""cierre""], ""must_end_with_gratitude"": false, ""difficulty"": ""media"", ""raw_request"": ""Genera un mensaje de disculpa para profesor, con tono empatico, entre 40 y 65 palabras. Debe incluir ['inconveniente', 'compromiso'] y evitar ['culpa', 'amenaza'].""}",llm,heuristic,True,1.0,0.6062,0.8819,0,4,"[{""kind"": ""candidate"", ""attempt"": 1, ""valid"": false, ""violations"": 1, ""word_count"": 69, ""failed"": [""longitud: 69 palabras; esperado entre 40 y 65; faltante=rango 40-65""], ""text"": ""Estimado profesor, me dirijo a usted para disculparme por el inconveniente que se presentó en la última clase. Me doy cuenta de que mi falta de compromiso con el material programado afectó negativamente la experiencia de aprendizaje de mis compañeros. Me comprometo a mejorar y a estar mejor preparado para las próximas clases. Espero que pueda perdonar mi falta de responsabilidad y que podamos seguir adelante con la materia.""}, {""kind"": ""candidate"", ""attempt"": 2, ""valid"": false, ""violations"": 1, ""word_count"": 79, ""failed"": [""longitud: 79 palabras; esperado entre 40 y 65; faltante=rango 40-65""], ""text"": ""Estimado profesor, me disculpo por el inconveniente que se presentó en la última clase, que afectó negativamente el aprendizaje de mis compañeros y a mí mismo. Me comprometí a mejorar la situación y estoy trabajando en un plan para evitar que esto vuelva a suceder en el futuro. Estoy dispuesto a discutir este plan contigo y aclarar cualquier duda que tengas sobre mi compromiso. Espero poder encontrar una solución conjunta para mejorar la experiencia de aprendizaje en nuestra clase.""}, {""kind"": ""candidate"", ""attempt"": 3, ""valid"": false, ""violations"": 1, ""word_count"": 76, ""failed"": [""longitud: 76 palabras; esperado entre 40 y 65; faltante=rango 40-65""], ""text"": ""Estimado profesor, me dirijo a usted con el fin de expresar mi más sincero agradecimiento por su dedicación y compromiso con la enseñanza. Me he percatado de que el inconveniente de la falta de recursos ha afectado negativamente la calidad de la educación en nuestra institución. A pesar de esto, su compromiso con la enseñanza ha sido un refugio para muchos estudiantes, incluyéndome a mí. Espero que su labor sea reconocida y valorada en el futuro.""}, {""kind"": ""repair_best"", ""attempt"": 4, ""valid"": true, ""violations"": 0, ""word_count"": 64, ""failed"": [], ""text"": ""Estimado profesor, me dirijo a usted para disculparme por el inconveniente que se presentó en la última clase. Me doy cuenta de que mi falta de compromiso con el material programado afectó negativamente la experiencia de aprendizaje de mis compañeros. Me comprometo a mejorar y a estar mejor preparado para las próximas clases. Espero que podamos seguir adelante con la materia y mejorar juntos.""}]",[],válido,,,"[""evaluador_restricciones_abiertas=llm"", ""evaluador_semantico=heuristic"", ""tono empatico débil"", ""intención de disculpa poco explícita""]",40739.307,6335.596,0.58,47078.017,47078.017,"Estimado profesor, me dirijo a usted para disculparme por el inconveniente que se presentó en la última clase. Me doy cuenta de que mi falta de compromiso con el material programado afectó negativamente la experiencia de aprendizaje de mis compañeros. Me comprometo a mejorar y a estar mejor preparado para las próximas clases. Espero que podamos seguir adelante con la materia y mejorar juntos."
inst_0009,unified,media,constraint-first-prompts-v14,"Genera un mensaje de felicitacion para compañero, con tono formal, entre 40 y 60 palabras. Debe incluir ['esfuerzo', 'reconocimiento'] y evitar ['mentira'].","{""instance_id"": ""inst_0009"", ""message_type"": ""felicitacion"", ""recipient"": ""compañero"", ""tone"": ""formal"", ""min_words"": 40, ""max_words"": 60, ""required_concepts"": [""esfuerzo"", ""reconocimiento""], ""forbidden_terms"": [""mentira""], ""required_structure"": [""saludo"", ""cuerpo"", ""cierre""], ""must_end_with_gratitude"": false, ""difficulty"": ""media"", ""raw_request"": ""Genera un mensaje de felicitacion para compañero, con tono formal, entre 40 y 60 palabras. Debe incluir ['esfuerzo', 'reconocimiento'] y evitar ['mentira'].""}",llm,heuristic,True,1.0,0.728,0.9184,0,4,"[{""kind"": ""candidate"", ""attempt"": 1, ""valid"": false, ""violations"": 1, ""word_count"": 63, ""failed"": [""longitud: 63 palabras; esperado entre 40 y 60; faltante=rango 40-60""], ""text"": ""Estimado compañero, me dirijo a usted para expresar mi más sincero reconocimiento por el esfuerzo que ha demostrado en su trabajo reciente, su dedicación y compromiso han sido fundamentales para el éxito del proyecto. Su capacidad para liderar y motivar al equipo ha sido clave en la consecución de los objetivos establecidos. Agradezco su colaboración y espero seguir trabajando juntos en el futuro.""}, {""kind"": ""candidate"", ""attempt"": 2, ""valid"": false, ""violations"": 1, ""word_count"": 63, ""failed"": [""longitud: 63 palabras; esperado entre 40 y 60; faltante=rango 40-60""], ""text"": ""Estimado compañero, me dirijo a usted para expresar mi más sincero reconocimiento por el esfuerzo que ha demostrado en el último proyecto, su dedicación y compromiso han sido fundamentales para su éxito. Su capacidad para liderar y motivar al equipo ha sido un factor clave en la consecución de los objetivos establecidos. Agradezco su colaboración y espero seguir trabajando juntos en futuros proyectos.""}, {""kind"": ""candidate"", ""attempt"": 3, ""valid"": false, ""violations"": 1, ""word_count"": 63, ""failed"": [""longitud: 63 palabras; esperado entre 40 y 60; faltante=rango 40-60""], ""text"": ""Estimado compañero, me dirijo a usted para expresar mi más sincero reconocimiento por el esfuerzo que ha demostrado en el último proyecto, su dedicación y compromiso han sido fundamentales para su éxito. Su capacidad para liderar y motivar al equipo ha sido un factor clave en la consecución de los objetivos establecidos. Agradezco su colaboración y espero seguir trabajando juntos en futuros proyectos.""}, {""kind"": ""repair_best"", ""attempt"": 4, ""valid"": true, ""violations"": 0, ""word_count"": 57, ""failed"": [], ""text"": ""Estimado compañero, me dirijo a usted para expresar mi reconocimiento por el esfuerzo demostrado en su trabajo, su dedicación y compromiso han sido fundamentales para el éxito del proyecto. Su capacidad para liderar y motivar al equipo ha sido clave en la consecución de los objetivos. Agradezco su colaboración y espero seguir trabajando juntos en el futuro.""}]",[],válido,,,"[""evaluador_restricciones_abiertas=llm"", ""evaluador_semantico=heuristic"", ""intención de felicitacion poco explícita""]",33698.801,3461.086,0.334,37162.103,37162.103,"Estimado compañero, me dirijo a usted para expresar mi reconocimiento por el esfuerzo demostrado en su trabajo, su dedicación y compromiso han sido fundamentales para el éxito del proyecto. Su capacidad para liderar y motivar al equipo ha sido clave en la consecución de los objetivos. Agradezco su colaboración y espero seguir trabajando juntos en el futuro."
inst_0010,unified,media,constraint-first-prompts-v14,"Genera un mensaje de aviso para equipo de trabajo, con tono persuasivo, entre 35 y 50 palabras. Debe incluir ['fecha', 'organización', 'información', 'coordinación', 'cambio'] y evitar ['mentira', 'insulto']. Debe terminar con agradecimiento.","{""instance_id"": ""inst_0010"", ""message_type"": ""aviso"", ""recipient"": ""equipo de trabajo"", ""tone"": ""persuasivo"", ""min_words"": 35, ""max_words"": 50, ""required_concepts"": [""fecha"", ""organización"", ""información"", ""coordinación"", ""cambio""], ""forbidden_terms"": [""mentira"", ""insulto""], ""required_structure"": [""saludo"", ""cuerpo"", ""cierre""], ""must_end_with_gratitude"": true, ""difficulty"": ""media"", ""raw_request"": ""Genera un mensaje de aviso para equipo de trabajo, con tono persuasivo, entre 35 y 50 palabras. Debe incluir ['fecha', 'organización', 'información', 'coordinación', 'cambio'] y evitar ['mentira', 'insulto']. Debe terminar con agradecimiento.""}",llm,heuristic,True,1.0,0.5976,0.8793,0,3,"[{""kind"": ""candidate"", ""attempt"": 1, ""valid"": true, ""violations"": 0, ""word_count"": 42, ""failed"": [], ""text"": ""Estimado equipo de trabajo, es importante que se coordine la información para el cambio en la fecha de la reunión de la organización. La coordinación efectiva permitirá una mejor comunicación y un mejor resultado en el cambio. Agradezco su atención y cooperación.""}, {""kind"": ""candidate"", ""attempt"": 2, ""valid"": false, ""violations"": 1, ""word_count"": 59, ""failed"": [""longitud: 59 palabras; esperado entre 35 y 50; faltante=rango 35-50""], ""text"": ""Estimado equipo de trabajo, es importante que tengamos una coordinación efectiva para compartir la información relevante sobre el cambio en la fecha de entrega de proyectos para la organización. A partir de ahora, todos los miembros deben estar al tanto de las actualizaciones y ajustes necesarios para cumplir con los plazos. Agradezco su colaboración y compromiso en este proceso.""}, {""kind"": ""candidate"", ""attempt"": 3, ""valid"": false, ""violations"": 1, ""word_count"": 58, ""failed"": [""longitud: 58 palabras; esperado entre 35 y 50; faltante=rango 35-50""], ""text"": ""Estimado equipo de trabajo, es importante que estén al tanto de la fecha límite para la entrega de la información necesaria para la coordinación del cambio en la organización. Esta información es crucial para la planificación y ejecución del cambio, por lo que les agradezco su compromiso y dedicación en este proceso. Agradezco su atención a este asunto.""}]",[],válido,,,"[""evaluador_restricciones_abiertas=llm"", ""evaluador_semantico=heuristic"", ""tono persuasivo débil"", ""intención de aviso poco explícita""]",69318.912,2394.08,0.296,71715.245,71715.245,"Estimado equipo de trabajo, es importante que se coordine la información para el cambio en la fecha de la reunión de la organización. La coordinación efectiva permitirá una mejor comunicación y un mejor resultado en el cambio. Agradezco su atención y cooperación."
inst_0011,unified,alta,constraint-first-prompts-v14,"Genera un mensaje de solicitud para profesor, con tono persuasivo, entre 55 y 63 palabras. Debe incluir ['respuesta', 'plazo', 'apoyo'] y evitar ['amenaza', 'insulto', 'inútil'].","{""instance_id"": ""inst_0011"", ""message_type"": ""solicitud"", ""recipient"": ""profesor"", ""tone"": ""persuasivo"", ""min_words"": 55, ""max_words"": 63, ""required_concepts"": [""respuesta"", ""plazo"", ""apoyo""], ""forbidden_terms"": [""amenaza"", ""insulto"", ""inútil""], ""required_structure"": [""saludo"", ""cuerpo"", ""cierre""], ""must_end_with_gratitude"": false, ""difficulty"": ""alta"", ""raw_request"": ""Genera un mensaje de solicitud para profesor, con tono persuasivo, entre 55 y 63 palabras. Debe incluir ['respuesta', 'plazo', 'apoyo'] y evitar ['amenaza', 'insulto', 'inútil'].""}",llm,heuristic,True,1.0,0.5098,0.8529,0,3,"[{""kind"": ""candidate"", ""attempt"": 1, ""valid"": false, ""violations"": 1, ""word_count"": 40, ""failed"": [""longitud: 40 palabras; esperado entre 55 y 63; faltante=rango 55-63""], ""text"": ""Estimado profesor, necesito su apoyo para obtener una respuesta clara sobre el plazo para la entrega del trabajo. Su orientación me ayudaría a planificar y asegurar un buen desempeño en la tarea. Agradezco su tiempo y consideración en este asunto.""}, {""kind"": ""candidate"", ""attempt"": 2, ""valid"": true, ""violations"": 0, ""word_count"": 56, ""failed"": [], ""text"": ""Estimado profesor, necesito su apoyo para resolver un problema académico que me ha surgido y requiero su respuesta lo antes posible para poder avanzar en mi trabajo. Me gustaría saber si puedo contar con su apoyo en este momento y si puedo esperar una respuesta dentro de un plazo razonable. Agradezco su atención a este asunto.""}, {""kind"": ""candidate"", ""attempt"": 3, ""valid"": false, ""violations"": 1, ""word_count"": 48, ""failed"": [""longitud: 48 palabras; esperado entre 55 y 63; faltante=rango 55-63""], ""text"": ""Estimado profesor, necesito su apoyo para obtener una respuesta clara sobre el plazo de entrega de mi trabajo, ya que esto me permitirá planificar adecuadamente y cumplir con los requisitos del curso. Su orientación es fundamental para mi éxito académico y estoy agradecido por su tiempo y dedicación.""}]",[],válido,,,"[""evaluador_restricciones_abiertas=llm"", ""evaluador_semantico=heuristic"", ""tono persuasivo débil"", ""intención de solicitud poco explícita""]",10605.232,6602.663,0.303,17209.389,17209.389,"Estimado profesor, necesito su apoyo para resolver un problema académico que me ha surgido y requiero su respuesta lo antes posible para poder avanzar en mi trabajo. Me gustaría saber si puedo contar con su apoyo en este momento y si puedo esperar una respuesta dentro de un plazo razonable. Agradezco su atención a este asunto."
inst_0012,unified,alta,constraint-first-prompts-v14,"Genera un mensaje de recordatorio para amigo, con tono formal, entre 50 y 65 palabras. Debe incluir ['fecha', 'pendiente', 'tiempo'] y evitar ['fracaso', 'inútil', 'insulto']. Debe terminar con agradecimiento.","{""instance_id"": ""inst_0012"", ""message_type"": ""recordatorio"", ""recipient"": ""amigo"", ""tone"": ""formal"", ""min_words"": 50, ""max_words"": 65, ""required_concepts"": [""fecha"", ""pendiente"", ""tiempo""], ""forbidden_terms"": [""fracaso"", ""inútil"", ""insulto""], ""required_structure"": [""saludo"", ""cuerpo"", ""cierre""], ""must_end_with_gratitude"": true, ""difficulty"": ""alta"", ""raw_request"": ""Genera un mensaje de recordatorio para amigo, con tono formal, entre 50 y 65 palabras. Debe incluir ['fecha', 'pendiente', 'tiempo'] y evitar ['fracaso', 'inútil', 'insulto']. Debe terminar con agradecimiento.""}",llm,heuristic,True,1.0,0.8218,0.9465,0,5,"[{""kind"": ""candidate"", ""attempt"": 1, ""valid"": false, ""violations"": 1, ""word_count"": 70, ""failed"": [""longitud: 70 palabras; esperado entre 50 y 65; faltante=rango 50-65""], ""text"": ""Estimado amigo, me dirijo a usted para recordarle que tiene pendiente una reunión importante para el próximo lunes, lo que le dará tiempo suficiente para prepararse adecuadamente. La fecha de la reunión es crucial para discutir los detalles del proyecto y avanzar en el tiempo establecido. Es fundamental que esté presente y listo para contribuir con sus ideas y experiencias. Agradezco su atención a este recordatorio y espero su respuesta.""}, {""kind"": ""candidate"", ""attempt"": 2, ""valid"": false, ""violations"": 2, ""word_count"": 82, ""failed"": [""longitud: 82 palabras; esperado entre 50 y 65; faltante=rango 50-65"", ""conceptos_obligatorios: faltan: fecha; faltante=fecha; acción=inserta literalmente estas palabras exactas: 'fecha'""], ""text"": ""Estimado amigo, me dirijo a usted con el fin de recordarle que tiene pendiente una reunión importante para el próximo lunes, lo cual es crucial para el éxito de nuestro proyecto en el corto plazo y el aprovechamiento del tiempo disponible. Es fundamental que se prepare adecuadamente para la discusión y la toma de decisiones que se llevarán a cabo en ese encuentro. Me gustaría agradecerle de antemano por su colaboración y compromiso en este asunto. Agradezco su atención a este recordatorio.""}, {""kind"": ""candidate"", ""attempt"": 3, ""valid"": false, ""violations"": 1, ""word_count"": 84, ""failed"": [""longitud: 84 palabras; esperado entre 50 y 65; faltante=rango 50-65""], ""text"": ""Estimado amigo, me dirijo a usted con el fin de recordarle que tiene pendiente una reunión importante para la fecha del próximo lunes, por lo que es fundamental que reserve el tiempo necesario para asistir a ella. Esta reunión es crucial para discutir los próximos pasos en nuestro proyecto y es fundamental que esté presente para que podamos avanzar de manera efectiva. Le agradezco su atención a este recordatorio y espero que pueda asistir a la reunión sin problemas. Agradezco su tiempo y consideración.""}, {""kind"": ""repair_best"", ""attempt"": 4, ""valid"": false, ""violations"": 1, ""word_count"": 73, ""failed"": [""longitud: 73 palabras; esperado entre 50 y 65; faltante=rango 50-65""], ""text"": ""Estimado cliente, le recuerdo que tiene pendiente una reunión importante para la fecha establecida, lo que le dará tiempo suficiente para prepararse adecuadamente y discutir los detalles del proyecto en el tiempo establecido. La reunión es crucial para avanzar en el proyecto y contribuir con sus ideas y experiencias. Es fundamental que esté presente y listo para contribuir con sus conocimientos y experiencias. Agradezco su atención a este recordatorio y espero su respuesta.""}, {""kind"": ""repair_best"", ""attempt"": 5, ""valid"": true, ""violations"": 0, ""word_count"": 54, ""failed"": [], ""text"": ""Estimado cliente, le recuerdo que tiene pendiente una reunión importante con fecha fija para discutir el proyecto y avanzar en el tiempo establecido. La reunión es crucial para compartir ideas y experiencias. Es importante que esté presente y listo para contribuir con sus conocimientos. Agradezco su atención a este recordatorio y espero su respuesta.""}]",[],válido,,,"[""evaluador_restricciones_abiertas=llm"", ""evaluador_semantico=heuristic""]",39946.38,6092.32,0.309,46042.242,46042.242,"Estimado cliente, le recuerdo que tiene pendiente una reunión importante con fecha fija para discutir el proyecto y avanzar en el tiempo establecido. La reunión es crucial para compartir ideas y experiencias. Es importante que esté presente y listo para contribuir con sus conocimientos. Agradezco su atención a este recordatorio y espero su respuesta."
inst_0013,unified,alta,constraint-first-prompts-v14,"Genera un mensaje de recordatorio para profesor, con tono formal, entre 45 y 60 palabras. Debe incluir ['tiempo', 'fecha', 'revisión'] y evitar ['fracaso', 'culpa', 'inútil']. Debe terminar con agradecimiento.","{""instance_id"": ""inst_0013"", ""message_type"": ""recordatorio"", ""recipient"": ""profesor"", ""tone"": ""formal"", ""min_words"": 45, ""max_words"": 60, ""required_concepts"": [""tiempo"", ""fecha"", ""revisión""], ""forbidden_terms"": [""fracaso"", ""culpa"", ""inútil""], ""required_structure"": [""saludo"", ""cuerpo"", ""cierre""], ""must_end_with_gratitude"": true, ""difficulty"": ""alta"", ""raw_request"": ""Genera un mensaje de recordatorio para profesor, con tono formal, entre 45 y 60 palabras. Debe incluir ['tiempo', 'fecha', 'revisión'] y evitar ['fracaso', 'culpa', 'inútil']. Debe terminar con agradecimiento.""}",llm,heuristic,True,1.0,0.7783,0.9335,0,3,"[{""kind"": ""candidate"", ""attempt"": 1, ""valid"": true, ""violations"": 0, ""word_count"": 50, ""failed"": [], ""text"": ""Estimado profesor, en relación con la fecha de entrega próxima, es importante realizar una revisión exhaustiva de los materiales antes de presentarlos para asegurar un buen desempeño en el tiempo establecido. Esto permitirá aprovechar al máximo el tiempo disponible y garantizar una presentación sólida. Agradezco su atención a este asunto.""}, {""kind"": ""candidate"", ""attempt"": 2, ""valid"": true, ""violations"": 0, ""word_count"": 51, ""failed"": [], ""text"": ""Estimado profesor, le recuerdo que la fecha límite para la revisión del trabajo es el próximo martes y es importante que tenga en cuenta el tiempo disponible para realizarla de manera efectiva. Por favor, no dude en hacérmelo saber si necesita algún apoyo adicional. Agradezco su colaboración y espero su respuesta.""}, {""kind"": ""candidate"", ""attempt"": 3, ""valid"": false, ""violations"": 2, ""word_count"": 76, ""failed"": [""longitud: 76 palabras; esperado entre 45 y 60; faltante=rango 45-60"", ""conceptos_obligatorios: faltan: tiempo; faltante=tiempo; acción=inserta literalmente estas palabras exactas: 'tiempo'""], ""text"": ""Estimado profesor, le recuerdo que la fecha límite para la revisión de los trabajos es el próximo martes, por lo que le pido que se asegure de tenerlos listos con anticipación para evitar cualquier retraso en el proceso de evaluación. La revisión de los trabajos es crucial para su progreso académico y su futuro profesional, por lo que su dedicación y esfuerzo serán apreciados. Agradezco su atención a este recordatorio y espero su respuesta en breve.""}]",[],válido,,,"[""evaluador_restricciones_abiertas=llm"", ""evaluador_semantico=heuristic""]",34728.399,8172.696,0.64,42902.73,42902.73,"Estimado profesor, le recuerdo que la fecha límite para la revisión del trabajo es el próximo martes y es importante que tenga en cuenta el tiempo disponible para realizarla de manera efectiva. Por favor, no dude en hacérmelo saber si necesita algún apoyo adicional. Agradezco su colaboración y espero su respuesta."
inst_0014,unified,alta,constraint-first-prompts-v14,"Genera un mensaje de invitacion para compañero, con tono empatico, entre 50 y 58 palabras. Debe incluir ['fecha', 'participación', 'confirmación'] y evitar ['amenaza', 'inútil', 'mentira']. Debe terminar con agradecimiento.","{""instance_id"": ""inst_0014"", ""message_type"": ""invitacion"", ""recipient"": ""compañero"", ""tone"": ""empatico"", ""min_words"": 50, ""max_words"": 58, ""required_concepts"": [""fecha"", ""participación"", ""confirmación""], ""forbidden_terms"": [""amenaza"", ""inútil"", ""mentira""], ""required_structure"": [""saludo"", ""cuerpo"", ""cierre""], ""must_end_with_gratitude"": true, ""difficulty"": ""alta"", ""raw_request"": ""Genera un mensaje de invitacion para compañero, con tono empatico, entre 50 y 58 palabras. Debe incluir ['fecha', 'participación', 'confirmación'] y evitar ['amenaza', 'inútil', 'mentira']. Debe terminar con agradecimiento.""}",llm,heuristic,False,0.6667,0.9062,0.7385,1,7,"[{""kind"": ""candidate"", ""attempt"": 1, ""valid"": false, ""violations"": 1, ""word_count"": 38, ""failed"": [""longitud: 38 palabras; esperado entre 50 y 58; faltante=rango 50-58""], ""text"": ""Estimado compañero, espero que se encuentre bien y que la fecha próxima sea propicia para nuestra reunión. Me gustaría saber de su participación en la próxima semana para poder hacer la confirmación necesaria. Agradezco su tiempo y consideración.""}, {""kind"": ""candidate"", ""attempt"": 2, ""valid"": false, ""violations"": 1, ""word_count"": 49, ""failed"": [""longitud: 49 palabras; esperado entre 50 y 58; faltante=rango 50-58""], ""text"": ""Estimado compañero, espero que estés bien y que la fecha próxima sea propicia para tu participación en el proyecto. Me alegraría recibir tu confirmación sobre tu disponibilidad para el próximo miércoles, así podré coordinar los detalles con los demás miembros del equipo. Muchas gracias por tu tiempo y consideración.""}, {""kind"": ""candidate"", ""attempt"": 3, ""valid"": false, ""violations"": 2, ""word_count"": 47, ""failed"": [""longitud: 47 palabras; esperado entre 50 y 58; faltante=rango 50-58"", ""conceptos_obligatorios: faltan: fecha; faltante=fecha; acción=inserta literalmente estas palabras exactas: 'fecha'""], ""text"": ""Estimado compañero, me alegra invitarte a participar en nuestra reunión de equipo el próximo lunes, donde discutiremos la confirmación de nuestros objetivos para el primer semestre. Espero tu presencia y aportación en la discusión. Agradezco tu tiempo y considero que tu participación será fundamental para nuestro éxito.""}, {""kind"": ""repair_best"", ""attempt"": 4, ""valid"": false, ""violations"": 1, ""word_count"": 59, ""failed"": [""longitud: 59 palabras; esperado entre 50 y 58; faltante=rango 50-58""], ""text"": ""Estimado compañero, espero que estés bien y que la fecha próxima sea propicia para tu participación en el proyecto, lo que me permitiría planificar con anticipación. Me alegraría recibir tu confirmación sobre tu disponibilidad para el próximo miércoles, así podré coordinar los detalles con los demás miembros del equipo. Muchas gracias por tu tiempo y consideración, que aprecio enormemente.""}, {""kind"": ""repair_best"", ""attempt"": 5, ""valid"": false, ""violations"": 1, ""word_count"": 67, ""failed"": [""longitud: 67 palabras; esperado entre 50 y 58; faltante=rango 50-58""], ""text"": ""Estimado compañero, espero que estés bien y que la fecha próxima sea propicia para tu participación en el proyecto, donde podrás aportar tus habilidades y conocimientos. Me alegraría recibir tu confirmación sobre tu disponibilidad para el próximo miércoles, así podré coordinar los detalles con los demás miembros del equipo y asegurar un proceso fluido. Muchas gracias por tu tiempo y consideración, que valoro enormemente en este momento.""}, {""kind"": ""repair_best"", ""attempt"": 6, ""valid"": false, ""violations"": 1, ""word_count"": 59, ""failed"": [""longitud: 59 palabras; esperado entre 50 y 58; faltante=rango 50-58""], ""text"": ""Estimado compañero, espero que estés bien y que la fecha próxima sea propicia para tu participación en el proyecto, lo que me permitiría planificar con anticipación. Me alegraría recibir tu confirmación sobre tu disponibilidad para el próximo miércoles, así podré coordinar los detalles con los demás miembros del equipo. Muchas gracias por tu tiempo y consideración, que aprecio enormemente.""}, {""kind"": ""repair_best"", ""attempt"": 7, ""valid"": false, ""violations"": 1, ""word_count"": 62, ""failed"": [""longitud: 62 palabras; esperado entre 50 y 58; faltante=rango 50-58""], ""text"": ""Estimado compañero, espero que estés bien y que la fecha próxima sea propicia para tu participación en el proyecto, lo que me permitiría planificar con anticipación. Me alegraría recibir tu confirmación sobre tu disponibilidad para el próximo miércoles, así podré coordinar los detalles con los demás miembros del equipo. Muchas gracias por tu tiempo y consideración, espero tu respuesta lo antes posible.""}]","[{""name"": ""longitud"", ""source"": ""deterministic"", ""details"": ""49 palabras; esperado entre 50 y 58"", ""missing"": [""rango 50-58""]}]",longitud[deterministic]: 49 palabras; esperado entre 50 y 58,,,"[""evaluador_restricciones_abiertas=llm"", ""evaluacion_llm_omitida=fallo_objetivo"", ""evaluador_semantico=proxy_objetivo"", ""ajuste_longitud=0.88"", ""ajuste_conceptos=1.00""]",72872.976,6.411,0.0,72883.967,72883.967,"Estimado compañero, espero que estés bien y que la fecha próxima sea propicia para tu participación en el proyecto. Me alegraría recibir tu confirmación sobre tu disponibilidad para el próximo miércoles, así podré coordinar los detalles con los demás miembros del equipo. Muchas gracias por tu tiempo y consideración."
inst_0015,unified,alta,constraint-first-prompts-v14,"Genera un mensaje de felicitacion para cliente, con tono formal, entre 45 y 60 palabras. Debe incluir ['reconocimiento', 'motivación', 'logro', 'esfuerzo', 'éxito'] y evitar ['amenaza', 'inútil']. Debe terminar con agradecimiento.","{""instance_id"": ""inst_0015"", ""message_type"": ""felicitacion"", ""recipient"": ""cliente"", ""tone"": ""formal"", ""min_words"": 45, ""max_words"": 60, ""required_concepts"": [""reconocimiento"", ""motivación"", ""logro"", ""esfuerzo"", ""éxito""], ""forbidden_terms"": [""amenaza"", ""inútil""], ""required_structure"": [""saludo"", ""cuerpo"", ""cierre""], ""must_end_with_gratitude"": true, ""difficulty"": ""alta"", ""raw_request"": ""Genera un mensaje de felicitacion para cliente, con tono formal, entre 45 y 60 palabras. Debe incluir ['reconocimiento', 'motivación', 'logro', 'esfuerzo', 'éxito'] y evitar ['amenaza', 'inútil']. Debe terminar con agradecimiento.""}",llm,heuristic,True,1.0,0.6372,0.8912,0,3,"[{""kind"": ""candidate"", ""attempt"": 1, ""valid"": true, ""violations"": 0, ""word_count"": 59, ""failed"": [], ""text"": ""Estimado cliente, queremos expresar nuestro reconocimiento por el logro alcanzado gracias a su esfuerzo y dedicación, lo que nos ha permitido alcanzar el éxito en nuestro proyecto. Su motivación y compromiso han sido fundamentales para el éxito de nuestra empresa, y estamos agradecidos por su confianza en nosotros. Agradecemos su colaboración y esperamos seguir trabajando juntos en el futuro.""}, {""kind"": ""candidate"", ""attempt"": 2, ""valid"": false, ""violations"": 1, ""word_count"": 61, ""failed"": [""longitud: 61 palabras; esperado entre 45 y 60; faltante=rango 45-60""], ""text"": ""Estimado cliente, queremos expresar nuestro reconocimiento por el logro alcanzado gracias al esfuerzo y dedicación que ha puesto en su proyecto, lo que ha sido un ejemplo de motivación y perseverancia. Su éxito es un testimonio de la calidad de su trabajo y nos llena de orgullo. Agradecemos su confianza en nuestra empresa y esperamos seguir trabajando juntos en el futuro.""}, {""kind"": ""candidate"", ""attempt"": 3, ""valid"": false, ""violations"": 1, ""word_count"": 67, ""failed"": [""longitud: 67 palabras; esperado entre 45 y 60; faltante=rango 45-60""], ""text"": ""Estimado cliente, queremos expresar nuestro reconocimiento por el logro alcanzado gracias a su esfuerzo y dedicación, lo que nos permite reconocer su capacidad para mantener la motivación y alcanzar el éxito en cada proyecto. Su compromiso y responsabilidad han sido fundamentales para el éxito de nuestra empresa y estamos agradecidos por la confianza depositada en nosotros. Agradecemos su colaboración y esperamos seguir trabajando juntos en el futuro.""}]",[],válido,,,"[""evaluador_restricciones_abiertas=llm"", ""evaluador_semantico=heuristic"", ""tono formal débil"", ""intención de felicitacion poco explícita""]",23280.413,9321.254,0.42,32604.247,32604.247,"Estimado cliente, queremos expresar nuestro reconocimiento por el logro alcanzado gracias a su esfuerzo y dedicación, lo que nos ha permitido alcanzar el éxito en nuestro proyecto. Su motivación y compromiso han sido fundamentales para el éxito de nuestra empresa, y estamos agradecidos por su confianza en nosotros. Agradecemos su colaboración y esperamos seguir trabajando juntos en el futuro."
